number,type,name_ja,related_mamodo_ja,related_partner_ja,cost,ad,class,attr_ja,effect_icon_ja,effect_ja,power,damage,flavor_ja,sets_ja,url,raw_header_lines
E-001,event,守る心,,,0,A,none,,,この効果は、次のターンのスタートフェイズまで【スタンバイ】し、次のターン中【ステイ】する。自分の魔物1体を選ぶ。次のターン中、その魔物の魔力を+3000する。,,,みんなを守れると思えば、どんどん力が湧いてくる･･････。,LEVEL:1,https://w.atwiki.jp/zatchbell/pages/349.html,イベント　MP0|自分のターン
E-002,event,ティーナ,,,2,A,none,,,【ステイ】次のターンのエンドフェイズまで、自分も相手も、術を使えない。,,,しおりがコルルのために作った人形。,LEVEL:1,https://w.atwiki.jp/zatchbell/pages/350.html,イベント　MP2|自分のターン
E-003,event,ブリ,,,0,A,none,,,自分のMPを2ふやす。,,,ガッシュの大好物。,LEVEL:1,https://w.atwiki.jp/zatchbell/pages/351.html,イベント　MP0|自分のターン
E-004,event,友情のカレー,,,5,A,none,,,自分と相手のMPを0にする。※MPが1以上のとき、この効果は「MPをへらす」効果としてあつかう。,,,友達の助けを得て清麿は、究極のカレーを作り上げる?,LEVEL:1,https://w.atwiki.jp/zatchbell/pages/352.html,イベント　MP5|自分のターン
E-005,event,鈴芽のお見舞い,,,0,A,none,,,コインを2回投げる。●オモテが2回出たら、自分の魔本を2枚もどす。●オモテが1回、ウラが1回出たら、効果はない。●ウラが2回出たら、自分の魔本を2枚めくる。,,,泣き虫みかちゃん、ほほえみいよちゃん、感激なっちゃんよ!,LEVEL:1|TBB1,https://www27.atwiki.jp/zatchbell/pages/353.html,イベント　MP0|自分のターン
E-006,event,秋山勇太,,,0,A,none,,,自分の魔物を1体選ぶ。コインを投げる。オモテならその魔物を「健康状態」にする。ウラならこのターン中、その魔物の魔力を+1000する(【ステイ】)。,,,清麿が入院した病院で同室だった。治りが遅いのを気にしている。,LEVEL:1,https://www27.atwiki.jp/zatchbell/pages/354.html,イベント　MP0|自分のターン
E-007,event,木山つくし,,,1,A,none,,,自分の「負傷状態」の魔物1体を選び、「健康状態」にする。,,,モチノキ町立植物園の管理人。,LEVEL:1,https://www27.atwiki.jp/zatchbell/pages/355.html,イベント　MP1|自分のターン
E-008,event,水野鈴芽,,,0,A,none,,,【ステイ】このターン中、自分も相手もパートナーの効果を使えない。,,,清麿のクラスメイトで、よき理解者。,LEVEL:1　Rパック・自販機|LEVEL:1　Nスターター,https://w.atwiki.jp/zatchbell/pages/356.html,イベント　MP0|自分のターン
E-009,event,やさしい王様,,,3,A,none,,,【ステイ】自分の魔物1体を選ぶ。このターン中、その魔物の魔力を+3000する。,,,コルルが消えてゆくとき、とても悔しかったのだ!,LEVEL:1　Rパック・自販機|LEVEL:1　Nスターター,https://w.atwiki.jp/zatchbell/pages/357.html,イベント　MP3|自分のターン
E-010,event,やさしい清麿,,,3,A,none,,,【スタンバイ】相手の「このカードが場にある→」効果ではないパートナー1枚を選ぶ。このターン中1回だけ、そのパートナーの効果を、自分のものとして使うことができる(「このカードを捨て札にする→」効果を使っても、相手のパートナーは捨て札にはならない)。,,,ブリを頭からばりばり食べる、やさしい清麿。その正体とは･･･,LEVEL:1　Rパック・自販機|LEVEL:1　Nスターター,https://w.atwiki.jp/zatchbell/pages/358.html,イベント　MP3|自分のターン
E-011,event,鉄のフォルゴレ,,,3,A,none,,,コインを投げてオモテなら、自分の捨て札のパートナーカード1枚を選び、場に出す。ウラなら、自分のMPを2へらすことで、コインを1回投げなおすことができる(何回でも投げなおすことができる)。,,,無敵フォルゴレ～♪　鉄のフォルゴレ～♪,LEVEL:1　Rパック・自販機|LEVEL:1　Nスターター,https://w.atwiki.jp/zatchbell/pages/359.html,イベント　MP3|自分のターン
E-012,event,ガッシュ登場,,,3,A,none,,,自分の魔本の好きなページから魔物カードを1枚選び、場に出す。,,,ガッシュはイギリスからオオワシに乗ってやってきた。,LEVEL:1　R,https://www27.atwiki.jp/zatchbell/pages/67.html,イベント　MP3|自分のターン
E-013,event,ナオミちゃん,,,0,A,none,,,【スタンバイ】このターン中の次のバトル中、相手はダメージを魔物で「かばう」ことができない。,,,ガッシュをいじめる女の子。愛車はジュッデーム・ベーゼ号。,LEVEL:1　R|TBB1　N|RE　R,https://www27.atwiki.jp/zatchbell/pages/66.html,イベント　MP0|自分のターン
E-014,event,ウマゴン,,,2,A,none,,,相手の魔本を1枚めくる。そうしたなら、相手の魔本の今のページを見る。,,,本名はシュナイダー。,LEVEL:1　UR自販機|TBB1　SR|FILE:1　N|RE　R,https://www27.atwiki.jp/zatchbell/pages/65.html,イベント　MP2|自分のターン
E-015,event,バルカン３００,,,0,A,none,,,【ステイ】自分の魔物1体を選ぶ。次のターンのエンドフェイズまで、その魔物の魔力を+2000する。,,,ガッシュの友達。お菓子の空き箱とワリバシ製のハイパーボディ!,LEVEL:1　URパック,https://www27.atwiki.jp/zatchbell/pages/64.html,イベント　MP0　自分のターン
E-016,event,高嶺清太郎,,,3,A,none,,,相手の魔本を見て、最後のページ以外の好きなページから術カード1枚を選び、捨て札にする。そうしたなら、捨て札にしたカードの本来のコストだけ、自分のMPをへらせるだけへらす。,,,清麿の父。イギリスの森でガッシュを助けた。,LEVEL:2|TBB2,https://www27.atwiki.jp/zatchbell/pages/642.html,イベント　MP3|自分のターン
E-017,event,高嶺華,,,3,A,none,,,相手の魔本を見て、好きなページからイベントカード1枚を選び、捨て札にする。そうしたなら、捨て札にしたカードの本来のコストだけ、自分のMPをへらせるだけへらす。,,,清麿の母。いつも清麿とガッシュを気にかけている。,LEVEL:2|TBB2,https://www27.atwiki.jp/zatchbell/pages/643.html,イベント　MP3|自分のターン
E-018,event,フォルゴレのダンス,,,2,AD,none,,,相手のMPを4へらす。直前のターンに、自分が相手のMPをへらす効果を使っているとき、へらせるMPは0になる。,,,ボインボイ～ン♪チッチチッチ♪もげ!もげ!もげ!,LEVEL:2　R|TBB1　N|RE　R,https://www27.atwiki.jp/zatchbell/pages/644.html,イベント　MP2|自分のターン　相手のターン
E-019,event,清麿の怒り,,,0,A,none,,,自分の場の魔物1体を選び、捨て札にする。,,,いいかげんにしろよ、おまえたち･･････。,LEVEL:2　Rパック・自販機|LEVEL:2　Nスターター|TBB1　N|RE　R,https://www27.atwiki.jp/zatchbell/pages/645.html,イベント　MP0|自分のターン
E-020,event,恵のコンサート,,,0,A,none,,,次の効果の両方を、この順で使う。●自分のMPを3をふやす。●相手はコインを投げる。オモテなら、相手のMPを3ふやす。,,,私の歌で、たくさんの人を元気にしたいの!!,LEVEL:2　SR自販機|TBB1　R,https://www27.atwiki.jp/zatchbell/pages/646.html,イベント　MP0|自分のターン
E-021,event,敵じゃない人がいる,,,0,A,none,,,この効果は、自分の場に魔物が2体以上いれば使える。次の効果の、片方または両方を、好きな順で使う。●自分の「負傷状態」の魔物1体を選び、「健康状態」にする。●自分のMPを2ふやす。,,,信じられる人がいた･･･。こんな戦いのなかでも･･･。,LEVEL:2　R|TBB1　N,https://www27.atwiki.jp/zatchbell/pages/647.html,イベント　MP0|自分のターン
E-022,event,セッコロ,,,0,A,none,,,コインを投げる。オモテなら、自分の捨て札から、このターン中に捨て札になったパートナーカード1枚を選び、場に出す。,,,お前、オレの友達にならないか!?,LEVEL:2|TBB2,https://www27.atwiki.jp/zatchbell/pages/648.html,イベント　MP0|自分のターン
E-023,event,戦いの意義,,,0,A,none,,,【ステイ】次のターンのエンドフェイズまで、自分の場の、パートナーがついている魔物は、その魔力が＋2000される。,,,なぜこの戦いは、こんな弱い人間と組まねばならん･･･。,LEVEL:2,https://www27.atwiki.jp/zatchbell/pages/649.html,イベント　MP0|自分のターン
E-024,event,プロフェッサー・ダルタニアン,,,0,AD,none,,,【ステイ】相手の魔物1体を選ぶ。このターン中、相手はその魔物の「魔物の効果」や術を使えない。,,,森の妖精･･････? (LEVEL:S),これは私の趣味ではない...断じてだ!!|LEVEL:2　UR自販機|TBB1　SR|LEVEL:S　N|RE　R,https://www27.atwiki.jp/zatchbell/pages/650.html,イベント　MP0|自分のターン　相手のターン
E-025,event,ヨポポの踊り,,,0,A,none,,,【ステイ】このターン中、相手は「魔物の効果」を使えない。,,,ヨポポの不思議な歌と踊りは、魔物を惹きつける力をもつ。,LEVEL:2　SRパック,https://www27.atwiki.jp/zatchbell/pages/651.html,イベント　MP0|自分のターン
E-026,event,なんでワニなのよ！,,,0,A,none,,,コインを2回なげる。自分のMPを、オモテが出た回数×2ふやす。,,,焼くより生のほうが力がつくらしい?,LEVEL:2,https://www27.atwiki.jp/zatchbell/pages/652.html,イベント　MP0|自分のターン
E-027,event,無二の親友,,,2,A,none,,,次の効果の両方を、この順で使う。●相手は、相手の場のパートナーカードを1枚残してすべて選び、捨て札にする。パートナーがなければ、相手は、相手の魔本の好きなページからパートナーカード1枚を選び、場に出す。●自分は、自分の場のパートナーカードを1枚残してすべて選び、捨て札にする。パートナーがなければ、自分の魔本の好きなページからパートナーカード1枚を選び、場に出す。,,,出口のないトンネルなんてないもの。,LEVEL:2　Rパック・自販機|LEVEL:2　Nスターター,https://www27.atwiki.jp/zatchbell/pages/653.html,イベント　MP2|自分のターン
M-001,mamodo,ガッシュ・ベル,,高嶺清麿,,,none,,バトル,《やさしい王様》MPを1へらす→【ステイ】自分が攻撃するバトル中、この魔物の魔力を+1000する。,4000,,イギリスの森の中で倒れているところを、清麿の父に助けられた。,LEVEL:1　SRスターター|LEVEL:1　Nパック・自販機,https://w.atwiki.jp/zatchbell/pages/301.html,魔物　4000　バトル
M-002,mamodo,ガッシュ・ベル,,高嶺清麿,,,none,,,《おちこぼれガッシュ》このカードが場にある→自分のスタートフェイズに、自分のMPが2以下なら、自分のMPを1ふやす。,3000,,魔界ではガッシュは落ちこぼれだったらしい。,LEVEL:1　SRパック,https://www27.atwiki.jp/zatchbell/pages/302.html,魔物　3000
M-003,mamodo,ガッシュ・ベル,,高嶺清麿,,,none,,,《傷だらけのヒーロー》このカードが場にある→この魔物が「負傷状態」のとき、この魔物の魔力を+1000する。,4000,,どんな時もあきらめない勝利への執念が、ガッシュを強くする。,LEVEL:1　SR自販機|TBB1　R,https://www27.atwiki.jp/zatchbell/pages/63.html,魔物　4000
M-004,mamodo,レイコム,,細川,,,none,,,《悪事の道具》このカードが場にある→この魔物にパートナーがついているとき、この魔物の魔力を＋1000する。,3000,,氷の術を使う魔物で、悪人に利用されても気にしない。,LEVEL:1,https://www27.atwiki.jp/zatchbell/pages/303.html,魔物　3000
M-005,mamodo,ブラゴ,,シェリー,,,none,,バトル,《孤高の戦士》MPを2へらす→【ステイ】このバトル中、この魔物の「魔物の効果」や術のダメージを1ふやす。,5000,,昼夜を問わず相手を探し求め続ける強き魔物。,LEVEL:1　R,https://www27.atwiki.jp/zatchbell/pages/68.html,魔物　5000　バトル
M-006,mamodo,ゴフレ,,連次,,,none,,,《偽りの友》このカードが場にある→【ステイ】このカードが場に出たターン中、相手は術カードを使えない。,2000,,気落ちしたガッシュが出会った子犬。しかしその正体は･･････,LEVEL:1,https://www27.atwiki.jp/zatchbell/pages/304.html,魔物　2000
M-007,mamodo,ゴフレ（変身後）,,連次,,,none,,,自分の「ゴフレ」に重ねる。《魔物の本性》このカードが場にある→このカードが場に出たとき、相手の魔本を1枚めくる。,3000,,呪文とともに、子犬が狂暴な魔物の姿に変身した。,LEVEL:1　R,https://www27.atwiki.jp/zatchbell/pages/69.html,魔物　3000
M-008,mamodo,スギナ,,春彦,,,none,,,《策士》使用を宣言する→【スタンバイ】このターン中の次のバトルで、この魔物の術を本来より1低いコストで使うことができる。そうしたなら、その術の魔力は-1000される(0より小さくはならない)。,3500,,植物をあやつる魔物。,LEVEL:1,https://www27.atwiki.jp/zatchbell/pages/305.html,魔物　3500
M-009,mamodo,コルル,,しおり,,,none,,,《優しい少女》このカードが場にある→このカードが捨て札になったとき、自分のMPを4ふやす。,1000,,普段は争いを好まない、優しい魔物。,LEVEL:1,https://www27.atwiki.jp/zatchbell/pages/306.html,魔物　1000
M-010,mamodo,コルル（変身後）,,しおり,,,none,,バトル,自分の「コルル」に重ねる。《狂戦士》MPを1へらす→【ステイ】自分が防御するバトル中、この魔物の魔力を+1000する。,4000,,闘う意志のないコルルに、別の人格が与えられた姿。,LEVEL:1,https://www27.atwiki.jp/zatchbell/pages/307.html,魔物　4000　バトル
M-011,mamodo,フェイン,,清兵衛,,,none,,,《索敵》使用を宣言する→相手の魔本を見て、好きなページから魔物カード1枚を選び、捨て札にする。ゲーム中に1回だけ使える。,3000,,私は王になる。力をつけて･･･誰もさからえない王になるの。,LEVEL:1|TBB1,https://www27.atwiki.jp/zatchbell/pages/292.html,魔物　3000
M-012,mamodo,キャンチョメ,,パルコ・フォルゴレ,,,none,,,《幸運の持ち主》使用を宣言する→自分が投げたコイン1個をふりなおす。,1000,,鉄のキャンチョメ～♪　無敵キャンチョメ～♪,LEVEL:1　Rパック・自販機|LEVEL:1　Nスターター,https://w.atwiki.jp/zatchbell/pages/308.html,魔物　1000
M-013,mamodo,キャンチョメ,,パルコ・フォルゴレ,,,none,,バトル,《無敵キャンチョメ》MPを2へらす→この効果は、このカードが「負傷状態」ならば使える。【ステイ】このバトル中、この魔物はダメージを受けない。,2000,,ポケットには、お菓子がたくさん入っているのだ。,LEVEL:1　UR自販機|TBB1　SR,https://www27.atwiki.jp/zatchbell/pages/309.html,魔物　2000　バトル
M-014,mamodo,ティオ,,大海恵,,,none,,,《信頼できる仲間》このカードが場にある→この効果は、自分の場にこの魔物以外の魔物がいるとき使える。自分の魔物すべてを選び、その魔力を+1000する(この魔物を含む)。,2000,,魔界にいるときには、ガッシュのことをいじめていたらしい。,LEVEL:1　Rパック・自販機|LEVEL:1　Nスターター,https://w.atwiki.jp/zatchbell/pages/310.html,魔物　2000
M-015,mamodo,ティオ,,大海恵,,,none,,バトル,《いじっぱり》MPを5へらす→【ステイ】このバトル中、この魔物はダメージを受けない。,3000,,私も...やさしい王様を目指してあげるわ･･･。,LEVEL:1　URパック,https://www27.atwiki.jp/zatchbell/pages/311.html,魔物　3000　バトル
M-016,mamodo,ガッシュ・ベル,,高嶺清麿,,,none,,,《失われた記憶》使用を宣言する→自分の魔本の今のページのカード1枚と、今より前のページのカード1枚を選び、入れかえる。ゲーム中に1回だけ使える。,4000,,いくぞ、清麿!!,LEVEL:2　Rパック・自販機|LEVEL:2　Nスターター|TBB2　N|FILE:1　N,https://www27.atwiki.jp/zatchbell/pages/617.html,魔物　4000
M-017,mamodo,ブラゴ,,シェリー,,,none,,バトル,《黒き魔物》MPを2へらす→【ステイ】自分が攻撃するバトル中、この魔物の魔力を+2000する。,5000,,オレとは戦いたくない奴が、山ほどいるのは確かだがな･･････。,LEVEL:2　SRスターター|LEVEL:2　Rパック・自販機,https://www27.atwiki.jp/zatchbell/pages/618.html,魔物　5000　バトル
M-018,mamodo,ブラゴ,,シェリー,,,none,,,《冷静沈着》MPを1へらす→自分のバトルフェイズに、相手の魔本の今のページを見る。そこに「バトル防御アイコン」を持つ術カードがなければ、自分のMPを2ふやす。,5000,,今すぐ息の根をとめてやろうか!?,LEVEL:2　SR自販機|TBB1　R,https://www27.atwiki.jp/zatchbell/pages/619.html,魔物　5000
M-019,mamodo,キャンチョメ,,パルコ・フォルゴレ,,,none,,,《変な生き物》使用を宣言する→相手が投げたコイン1個をふりなおさせる。,1000,,モチャモチャモチャ！　モッチャ！,LEVEL:2　Rパック・自販機|LEVEL:2　Nスターター,https://www27.atwiki.jp/zatchbell/pages/620.html,魔物　1000
M-020,mamodo,ティオ,,大海恵,,,none,,,《恵と一緒》MPを1へらす→自分の魔本の好きなページから、パートナーカード「大海恵」1枚を選び、場に出す。,3500,,恵は私が守る!!,LEVEL:2　SRパック,https://www27.atwiki.jp/zatchbell/pages/621.html,魔物　3500
M-021,mamodo,ハイド,,窪塚泳太,,,none,,,《風の乗り手》MPを1へらす→自分の魔本の好きなページから、パートナーカード「窪塚泳太」1枚を選び、場に出す。,3000,,風を操るＣＯＯＬな魔物。,LEVEL:2　Rパック・自販機|LEVEL:2　Nスターター,https://www27.atwiki.jp/zatchbell/pages/622.html,魔物　3000
M-022,mamodo,ゾフィス,,ココ,,,none,,,《心理操作》MPを5へらす→相手のパートナー1枚を選び、捨て札にする。,5500,,人間の心を操る能力を持った、冷徹な魔物。,LEVEL:2　URパック,https://www27.atwiki.jp/zatchbell/pages/623.html,魔物　5500
M-023,mamodo,ポッケリオ,,ペリコ,,,none,,,《植物の魔物》このカードが場にある→自分は、この魔物で、他の魔物の「木」属性の術を使うことができる。,3000,,密林でブラゴと遭遇した、木の術を使う魔物。,LEVEL:2,https://www27.atwiki.jp/zatchbell/pages/624.html,魔物　3000
M-024,mamodo,ロブノス（分身体）,,リュック,,,none,,,「ロブノス（分身体）」を場に2体までおくことができる。《二身一体》このカードが場にある→この効果は、自分の「ロブノス（分身体）」が2体いるときに使える。自分は術カード「ビライツ」を、1枚につき、1ターンに2回使える。,3000,,我はロブノス。彫刻が趣味の不死身の魔物!!,LEVEL:2|TBB1,https://www27.atwiki.jp/zatchbell/pages/625.html,魔物　3000
M-025,mamodo,ロブノス（完全体）,,リュック,,,none,,,《フルパワー》このカードが場にある→このカードが場に出たとき、次の効果の両方を、この順で使う。●自分の捨て札の「ロブノス（完全体）」または「ロブノス（分身体）」1枚を選び、自分の魔本の空いているページにもどすことができる。●自分のMPを2ふやす。,5000,,お前は我々の半分の力と戦っていたにすぎないのさ!!,LEVEL:2　SR自販機|TBB1　R,https://www27.atwiki.jp/zatchbell/pages/626.html,魔物　5000
M-026,mamodo,マルス,,レンブラント,,,none,,ジャマー,《裏切り者》MPを2へらす→相手が直前に使った「魔物の効果」1つを無効にする。,3500,,君は僕よりも弱いんだよ･････････。忘れるわけないだろ？,LEVEL:2|TBB1|RE,https://www27.atwiki.jp/zatchbell/pages/627.html,魔物　3500　ジャマー
M-027,mamodo,バルトロ（アーマー体）,,ステング,,A,none,,,「ゼベルオン」を使わないと場に出せない。この魔物が捨て札になるとき、下の「バルトロ(本体)」を場に残す。《偽りの鎧》MPを1へらす→合計魔力5000で攻撃(相手の魔本に2ダメージ)する。,5000,,凄まじい破壊力と巨大な体で相手に襲い掛かる。,LEVEL:2　SRパック,https://www27.atwiki.jp/zatchbell/pages/628.html,魔物　5000　バトル攻撃
M-028,mamodo,バルトロ（本体）,,ステング,,,none,,,《狂暴な本体》このカードが場にある→この魔物に重なっている「バルトロ(アーマー体)」が捨て札になったとき、相手の魔本を2枚めくる。,3000,,コイツは弱いから、あんな巨人に身を隠していたんだな!?,LEVEL:2,https://www27.atwiki.jp/zatchbell/pages/629.html,魔物　3000
M-029,mamodo,ゼオン,,デュフォー,,,none,,,自分は、この魔物で「ガッシュ・ベル」の術「ザケル」を使える。《憎悪》MPを7へらす→相手の「負傷状態」の魔物1体を選び、捨て札にする。,6000,,ガッシュを憎み、魔界の記憶を奪った謎の魔物。,LEVEL:2　UR自販機|TBB1　SR,https://www27.atwiki.jp/zatchbell/pages/630.html,魔物　6000
M-030,mamodo,ヨポポ,,ジェム,,,none,,,《トポポイ》使用を宣言する→この効果は、自分の魔本が最後のページのときに使える。【スタンバイ】このターンのエンドフェイズに、魔本をめくらずターンを終了する。ゲーム中1回だけ使える。,2000,,歌と踊りが大好きな、心優しき魔物。,LEVEL:2　Rパック・自販機|LEVEL:2　Nスターター|TBB2　N,https://www27.atwiki.jp/zatchbell/pages/631.html,魔物　2000
M-031,mamodo,キクロプ,,イギリス紳士,,,none,,,《キクロプの鎧》このカードが場にある→この魔物は、合計魔力6000以下の術のダメージを受けない。,4000,,頑丈な岩石の体に守られた、防御力に長けた魔物。,LEVEL:2,https://www27.atwiki.jp/zatchbell/pages/632.html,魔物　4000
P-001,partner,高嶺清麿,ガッシュ・ベル,,,,none,,,《SET!》このカードを捨て札にする→【スタンバイ】このターン中の次のバトルで、自分が「ガッシュ・ベル」の術で攻撃するとき、相手は防御できない。,,,天才ゆえに人生に退屈していたが、ガッシュとの出会いで変わる。,LEVEL:1　Rパック・自販機|LEVEL:1　Nスターター,https://w.atwiki.jp/zatchbell/pages/341.html,パートナー
P-002,partner,細川,レイコム,,,,none,,,《強盗》このカードを捨て札にする→相手のＭＰを3へらす。そうしたなら、へらした数と同じ数、自分のＭＰをふやす。,,,レイコムをみつけた細川は、レイコムを復讐の道具として使う。,LEVEL:1|TBB1|RE,https://www27.atwiki.jp/zatchbell/pages/282.html,パートナー
P-003,partner,シェリー,ブラゴ,,,,none,,バトル,《強き黒い力》このカードを捨て札にする→【ステイ】このバトル中、自分の「ブラゴ」による攻撃のダメージを+2する（重複しない）。,,,シェリーは、清麿に魔物の王の戦いから手を引くよう勧告する。,LEVEL:1　R|TBB1　N|RE　R,https://www27.atwiki.jp/zatchbell/pages/342.html,パートナー　バトル
P-004,partner,連次,ゴフレ,,,,none,,バトル,《雨の日の訪問者》このカードを捨て札にする→【ステイ】このバトル中、自分の「ゴフレ」によるダメージを２倍にする（重複しない）。,,,もう少しオレを楽しませろよ･･････。,LEVEL:1,https://www27.atwiki.jp/zatchbell/pages/343.html,パートナー　バトル
P-005,partner,春彦,スギナ,,,,none,,,《植物園のトレーニング》このカードを捨て札にする→【ステイ】このターン中、自分の「スギナ」の術すべての、本来のコストを0にする。,,,トレーニングのために植物園をおそう冷酷な男。,LEVEL:1,https://www27.atwiki.jp/zatchbell/pages/344.html,パートナー
P-006,partner,しおり,コルル,,,,none,,バトル,《涙の想い》このカードを捨て札にする→【スタンバイ】このバトル中、自分の「コルル（変身後）」がダメージを受けるとき、そのダメージを受けない。そうしたなら、その「コルル（変身後）」を下のカードを残して捨て札にする。,,,コルルに出会ったしおりはお姉ちゃんになることを決める。,LEVEL:1　R|RE　R,https://www27.atwiki.jp/zatchbell/pages/345.html,パートナー　バトル
P-007,partner,清兵衛,フェイン,,,,none,,,《スカッとする力》このカードを捨て札にする→【スタンバイ】このターン中の次のバトルで、自分が使う「フェイン」の術の魔力を＋4000する。,,,この力、スカッとするぜ,LEVEL:1,https://www27.atwiki.jp/zatchbell/pages/346.html,パートナー
P-008,partner,パルコ・フォルゴレ,キャンチョメ,,,,none,,,《もげ!》このカードを捨て札にする→相手のパートナーカード1枚を選び、捨て札にする。,,,世界をまたにかけるスーパースター。,LEVEL:1　SR自販機|LEVEL:1　Nスターター|TBB1　R,https://w.atwiki.jp/zatchbell/pages/347.html,パートナー
P-009,partner,大海恵,ティオ,,,,none,,バトル,《アイドル》このカードを捨て札にする→このバトルの、相手が使った術1つを無効にする。,,,鈴芽も大ファンの、人気アイドル。,LEVEL:1　SRパック|LEVEL:1　Nスターター,https://w.atwiki.jp/zatchbell/pages/348.html,パートナー　バトル
P-010,partner,高嶺清麿,ガッシュ・ベル,,,,none,,,《コンボ》このカードを捨て札にする→自分の魔本を1枚めくる。このターン中、自分は「自分の魔本をめくる」効果を合計１回しか使えない。,,,ガッシュ!!強くなれ!オレが何でもしてやる!,LEVEL:2　Rパック・自販機|LEVEL:2　Nスターター|TBB2　N|RE　R,https://www27.atwiki.jp/zatchbell/pages/633.html,パートナー
P-011,partner,窪塚泳太,ハイド,,,,none,,,《女好き》このカードを捨て札にする→【ステイ】相手の魔物1体を選ぶ。このターン中、その魔物の魔力を0にする。,,,オレの女にしてやるyoo !,LEVEL:2　Rパック・自販機|LEVEL:2　Nスターター,https://www27.atwiki.jp/zatchbell/pages/634.html,パートナー
P-012,partner,シェリー,ブラゴ,,,,none,,,《Destiny》このカードを捨て札にする→【ステイ】このターン中、自分の「ブラゴ」によるダメージを「かばって」、ダメージを受けた魔物は捨て札になる。,,,私の目的は、この戦いを早く終わらせること!!,LEVEL:2　Rパック・自販機|LEVEL:2　Nスターター,https://www27.atwiki.jp/zatchbell/pages/635.html,パートナー
P-013,partner,ココ,ゾフィス,,,,none,,,《狂った笑み》このカードが場にある→相手の魔物カード1枚が捨て札になるたびに、相手の魔本を1枚めくる。,,,シェリーの親友であったが、ゾフィスに心を操られる。,LEVEL:2　SRパック,https://www27.atwiki.jp/zatchbell/pages/636.html,パートナー
P-014,partner,ペリコ,ポッケリオ,,,,none,,,《逃げて逃げて逃げまくれ》このカードを捨て札にする→【ステイ】このターン中、相手は術で攻撃できない。,,,ポッケリオの力を使い、大金持ちを目指す村人。,LEVEL:2,https://www27.atwiki.jp/zatchbell/pages/637.html,パートナー
P-015,partner,リュック,ロブノス,,,,none,,,《ビライツ乱射》このカードを捨て札にする→【スタンバイ】このターン中に１回、自分は、自分の魔本の好きなページにある術カード「ビライツ」を使うことができる。,,,弱い者イジメが大好きな、実は気弱な男。,LEVEL:2|TBB1,https://www27.atwiki.jp/zatchbell/pages/638.html,パートナー
P-016,partner,レンブラント,マルス,,,,none,,バトル,《攻撃無効》このカードを捨て札にする→このバトルの、相手の術による攻撃1つを無効にする。,,,マルスと共に、残忍な戦いを好む。,LEVEL:2|TBB1|RE,https://www27.atwiki.jp/zatchbell/pages/639.html,パートナー　バトル
P-017,partner,ステング,バルトロ,,,,none,,バトル,《防御無効》このカードを捨て札にする→このバトルの、相手の術による防御1つを無効にする。,,,ククク･･････いい酒の肴が出来たぜ。,LEVEL:2,https://www27.atwiki.jp/zatchbell/pages/640.html,パートナー　バトル
P-018,partner,ジェム,ヨポポ,,,,none,,,《大好きよ》このカードを捨て札にする→自分の魔本を1枚もどす。このターン中、自分は「自分の魔本をもどす」効果を合計１回しか使えない。パートナー＝ヨポポ,,,イギリスの小さな村に住む、おてんばな女の子。,LEVEL:2　Rパック・自販機|LEVEL:2　Nスターター|TBB　N|RE　R,https://www27.atwiki.jp/zatchbell/pages/295.html,パートナー
P-019,partner,イギリス紳士,キクロプ,,,,none,,,《紳士協定》このカードが場にある→相手が相手自身の魔本のページを1枚もどすたびに、相手のＭＰを2へらす。,,,イギリス紳士の私が、礼儀を叩き込んであげるわ!!,LEVEL:2,https://www27.atwiki.jp/zatchbell/pages/641.html,パートナー
S-001,spell,ザケル,ガッシュ・ベル,,1,AD,none,雷,,相手の魔本にダメージ。,+2000,1,口から電撃がほとばしり、相手を攻撃する。,LEVEL:1,https://w.atwiki.jp/zatchbell/pages/312.html,術　MP1　＋2000　ダメージ1　雷|バトル攻撃　バトル防御
S-002,spell,ザケル,ガッシュ・ベル,,2,AD,none,雷,,相手の魔本にダメージ。,+2000,2,心にこめた力によって呪文の威力は変化する。,LEVEL:1　SR自販機|LEVEL:1　Nスターター|TBB1　R|FILE:1　N,https://w.atwiki.jp/zatchbell/pages/72.html,術　MP2　＋2000　ダメージ2　雷|バトル攻撃　バトル防御
S-003,spell,ラシルド,ガッシュ・ベル,,1,D,none,雷,,【カウンター】魔力勝負で勝ったとき、相手の魔本にダメージ。,+4000,1,相手の攻撃呪文を電撃付きではねかえす。,LEVEL:1|TBB2,https://w.atwiki.jp/zatchbell/pages/313.html,術　MP1　＋4000　ダメージ1　雷|バトル防御
S-004,spell,ジケルド,ガッシュ・ベル,,1,A,none,雷,,相手の魔本にダメージ。相手の魔本か魔物にダメージをあたえたとき、コインを投げてオモテなら、次のターンのエンドフェイズまで、相手は術を使えない(【ステイ】)。,+2000,1,相手に強力な磁力をまとわせる呪文。,LEVEL:1|FILE:1,https://w.atwiki.jp/zatchbell/pages/314.html,術　MP1　＋2000　ダメージ1　雷|バトル攻撃
S-005,spell,バオウ・ザケルガ,ガッシュ・ベル,,6,AD,superior,雷,,相手の魔本にダメージ。,+6000,3,電撃をまとった巨大な竜を召喚する。,LEVEL:1　SRスターター,https://w.atwiki.jp/zatchbell/pages/315.html,術　上級　MP6　＋6000　ダメージ3　雷|バトル攻撃　バトル防御
S-006,spell,ギコル,レイコム,,1,AD,none,氷,,相手の魔本にダメージ。,+2000,1,氷の塊を発射し、相手を攻撃する。,LEVEL:1,https://www27.atwiki.jp/zatchbell/pages/316.html,術　MP1　＋2000　ダメージ1　氷|バトル攻撃　バトル防御
S-007,spell,フリズド,レイコム,,2,AD,none,氷,,相手の魔本にダメージ。相手の魔本か魔物にダメージをあたえたとき、次の相手のターンのエンドフェイズまで、相手はパートナーの効果を使えない(【ステイ】)。,+2000,1,氷の呪文で相手の動きを封じる。,LEVEL:1　R,https://www27.atwiki.jp/zatchbell/pages/317.html,術　MP2　＋2000　ダメージ1　氷|バトル攻撃　バトル防御
S-008,spell,レイス,ブラゴ,,2,AD,none,重力,,相手の魔本にダメージ。,+2000,2,相手に重力波をぶつける呪文。,LEVEL:1,https://www27.atwiki.jp/zatchbell/pages/318.html,術　MP2　＋2000　ダメージ2　重力|バトル攻撃　バトル防御
S-009,spell,グラビレイ,ブラゴ,,2,A,none,重力,,相手の魔本にダメージ。相手の魔本か魔物にダメージをあたえたとき、次のターンのエンドフェイズまで、相手は術を使えない(【ステイ】)。,+2000,1,強い重力をかける強力な呪文。,LEVEL:1,https://www27.atwiki.jp/zatchbell/pages/319.html,術　MP2　＋2000　ダメージ1　重力|バトル攻撃
S-010,spell,ギガノレイス,ブラゴ,,3,AD,none,重力,,相手の魔本にダメージ。,+3000,2,レイスの強化版。エネルギーのかたまりを相手にぶつける。,LEVEL:1　SRパック,https://www27.atwiki.jp/zatchbell/pages/320.html,術　MP3　＋3000　ダメージ2　重力|バトル攻撃　バトル防御
S-011,spell,アイアン・グラビレイ,ブラゴ,,4,A,intermediate,重力,,相手の魔本にダメージ。相手の魔本か魔物にダメージをあたえたとき、次のターンのエンドフェイズまで、相手は術を使えない(【ステイ】)。,+4000,3,その重力はグラビレイの比ではない。,LEVEL:1　SR自販機|TBB1　R,https://www27.atwiki.jp/zatchbell/pages/321.html,術　中級　MP4　＋4000　ダメージ3　重力|バトル攻撃
S-012,spell,ドルク,ゴフレ,,1,A,none,,,相手の魔本にダメージ。,+3000,1,凶暴な姿で相手に襲い掛かる突撃呪文。,LEVEL:1,https://www27.atwiki.jp/zatchbell/pages/322.html,術　MP1　＋3000　ダメージ1|バトル攻撃
S-013,spell,ドルセン,ゴフレ,,2,A,none,,,相手の魔本にダメージ。,+3000,2,自らの足を石化させ相手に連続発射する。,LEVEL:1,https://www27.atwiki.jp/zatchbell/pages/323.html,術　MP2　＋3000　ダメージ2|バトル攻撃
S-014,spell,ジュロン,スギナ,,2,AD,none,木,,相手の魔本にダメージ。相手の魔本か魔物にダメージをあたえたとき、コインを投げてオモテなら、次のターンのエンドフェイズまで、相手は術を使えない(【ステイ】)。,+2000,1,植物を自在に操り、動きを封じたりすることもできる。,LEVEL:1,https://www27.atwiki.jp/zatchbell/pages/324.html,術　MP2　＋2000　ダメージ1　木|バトル攻撃　バトル防御
S-015,spell,ラージア・ジュガロ,スギナ,,4,AD,none,木,,相手の魔本にダメージ。,+4000,3,巨大植物を召喚、相手に種子を投げ飛ばす。,LEVEL:1　R,https://www27.atwiki.jp/zatchbell/pages/325.html,術　MP4　＋4000　ダメージ3　木|バトル攻撃　バトル防御
S-016,spell,ゼルク,コルル,,1,AD,none,,,相手の魔本にダメージ。この術を防御で使ったとき、この術の魔力を+1000する。,+2000,1,凶暴な姿に変身、鋭い爪で相手を引き裂く。,LEVEL:1,https://www27.atwiki.jp/zatchbell/pages/326.html,術　MP1　＋2000　ダメージ1|バトル攻撃　バトル防御
S-017,spell,ゼルセン,コルル,,4,AD,none,,,相手の魔本にダメージ。この術を攻撃で使ったとき、この術の魔力を+2000する。,+3000,2,強力なロケットパンチが相手を貫く。,LEVEL:1,https://www27.atwiki.jp/zatchbell/pages/327.html,術　MP4　＋3000　ダメージ2|バトル攻撃　バトル防御
S-018,spell,ウイガル,フェイン,,2,A,none,,,相手の魔本にダメージ。,+2000,2,衝撃波で相手を攻撃。巻き込まれるとただではすまない。,LEVEL:1,https://www27.atwiki.jp/zatchbell/pages/330.html,術　MP2　＋2000　ダメージ2|バトル攻撃
S-019,spell,ウルク,フェイン,,1,AD,none,,,【スタンバイ】このターン中の次のバトルで、相手は自分の攻撃を防御できない。,+3000,0,超高速移動呪文。あまりに速すぎて、瞬間移動したかに見える。,LEVEL:1　R,https://www27.atwiki.jp/zatchbell/pages/331.html,術　MP1　＋3000　ダメージ0|バトル攻撃　バトル防御
S-020,spell,ポルク,キャンチョメ,,1,A,none,,,相手のMPを3へらす。,+2000,,好きな姿に変身できる呪文。,LEVEL:1,https://w.atwiki.jp/zatchbell/pages/332.html,術　MP1　＋2000|バトル攻撃
S-021,spell,コポルク,キャンチョメ,,2,D,none,,,コインを2回投げて、オモテが1回以上出れば、このバトルの「効果の使用」の最後に、相手の攻撃を無効にする。,特殊,,小さくなる呪文か･･･。まさか弱くなる呪文があろうとはな。,LEVEL:1　Rパック・自販機|LEVEL:1　Nスターター|TBB2　N|RE　R,https://w.atwiki.jp/zatchbell/pages/333.html,術　MP2|バトル防御
S-022,spell,セウシル,ティオ,,1,D,none,,,魔力勝負で勝ったとき、相手の攻撃を無効にする。,+4000,,全体防御呪文。地中からの攻撃に対しては効果がない。,LEVEL:1,https://w.atwiki.jp/zatchbell/pages/334.html,術　MP1　＋4000|バトル防御
S-023,spell,サイス,ティオ,,1,A,none,,,相手の魔本にダメージ。,+1000,1,風の刃で相手を切り裂く。,LEVEL:1,https://w.atwiki.jp/zatchbell/pages/335.html,術　MP1　＋1000　ダメージ1|バトル攻撃
S-024,spell,マ・セシルド,ティオ,,3,D,none,,,魔力勝負で勝ったとき、相手の攻撃を無効にする。,+8000,,前方からの攻撃に対しては、最強クラスと言える防御力をほこる。,LEVEL:1　SRパック|LEVEL:1　Nスターター,https://w.atwiki.jp/zatchbell/pages/336.html,術　MP3　＋8000|バトル防御
S-025,spell,逃げるぞ！,コマンド,,0,D,none,,,魔力勝負の勝敗にかかわらず、コインを投げてオモテなら、相手の攻撃を無効にする。,特殊,,三十六計逃げるにしかず。逃げることもまた戦略。,LEVEL:1|TBB2,https://w.atwiki.jp/zatchbell/pages/337.html,術　MP0　特殊|バトル防御
S-026,spell,ＳＥＴ！,コマンド,,0,A,none,,非バトル,コインを投げてオモテなら、次の効果を使える。【スタンバイ】このターン中の次のバトルで、相手は防御できない。,特殊,,いいか、オレの右手に注意するんだぞ。,LEVEL:1　Rパック・自販機|LEVEL:1　Nスターター,https://w.atwiki.jp/zatchbell/pages/338.html,術　MP0　特殊|自分のターン　非バトル
S-027,spell,耐えてくれよ！,コマンド,,0,D,none,,,魔力勝負の勝敗にかかわらず、コインを2回投げて、オモテが1回以上出れば、相手の攻撃のダメージを1へらす。,特殊,,フン、スマヌがここは私が通さぬぞ。,LEVEL:1,https://w.atwiki.jp/zatchbell/pages/339.html,術　MP0　特殊|バトル防御
S-028,spell,伏せろ！,コマンド,,0,D,none,,,魔力勝負で勝ったとき、相手の攻撃を無効にする。,+1000,,ガッシュ、伏せろ!何か来る!!,LEVEL:1,https://www27.atwiki.jp/zatchbell/pages/340.html,術　MP0　＋1000|バトル防御
S-029,spell,ザケル,ガッシュ・ベル,,3,AD,none,雷,,相手の魔本にダメージ。,+3000,2,力を込めろ!強く心の力を･･････!,LEVEL:2,https://www27.atwiki.jp/zatchbell/pages/709.html,術　MP3　＋3000　ダメージ2　雷|バトル攻撃　バトル防御
S-030,spell,ラシルド,ガッシュ・ベル,,2,D,none,雷,,【カウンター】魔力勝負で勝ったとき、相手の魔本にダメージ。,+5000,1,巨大な電撃の壁が相手の呪文をはじき返す。,LEVEL:2,https://www27.atwiki.jp/zatchbell/pages/710.html,術　MP2　＋5000　ダメージ1　雷|バトル防御
S-031,spell,バオウ・ザケルガ,ガッシュ・ベル,,7,AD,superior,雷,,相手の魔本にダメージ。この術のダメージを受けた魔物は捨て札になる。,+6000,3,バオオォォォォォォォ!!!,LEVEL:2　SR自販機|TBB1　R,https://www27.atwiki.jp/zatchbell/pages/711.html,術　上級　MP7　＋6000　ダメージ3　雷|バトル攻撃　バトル防御
S-032,spell,レイス,ブラゴ,,2,AD,none,重力,,相手の魔本にダメージ。この術のダメージは3より上にならない。,+3000,2,手から放たれる重力の塊が相手を襲う!,LEVEL:2,https://www27.atwiki.jp/zatchbell/pages/712.html,術　MP2　＋3000　ダメージ2　重力|バトル攻撃　バトル防御
S-033,spell,グラビレイ,ブラゴ,,3,AD,none,重力,,相手の魔本にダメージ。相手の魔本か魔物にダメージをあたえたとき、次のターンのエンドフェイズまで、相手の魔物すべてを選び、その魔物の魔力を-2000する(0より小さくはならない)(【ステイ】)。,+3000,2,上から降りかかる力が相手の体を押しつぶす。,LEVEL:2,https://www27.atwiki.jp/zatchbell/pages/713.html,術　MP3　＋3000　ダメージ2　重力|バトル攻撃　バトル防御
S-034,spell,ギガノレイス,ブラゴ,,3,AD,none,重力,,相手の魔本にダメージ。この術のダメージは4より上にならない。,+4000,2,レイスよりも大きな、高密度のエネルギー弾。,LEVEL:2,https://www27.atwiki.jp/zatchbell/pages/714.html,術　MP3　＋4000　ダメージ2　重力|バトル攻撃　バトル防御
S-035,spell,アイアン・グラビレイ,ブラゴ,,5,A,intermediate,重力,,相手の魔本にダメージ。コインを2回投げる。オモテが2回出れば、相手は、この術のダメージを「かばう」ことができない。,+4000,3,周りの全てを一掃する、超強力呪文。,LEVEL:2　Rパック・自販機|LEVEL:2　Nスターター,https://www27.atwiki.jp/zatchbell/pages/727.html,術　中級　MP5　＋4000　ダメージ3　重力|バトル攻撃
S-036,spell,ディオガ・グラビドン,ブラゴ,,10,AD,superior,重力,,相手の魔物すべてを選ぶ。相手の魔本と、選んだ魔物すべてにダメージをあたえる。,+6000,3,怒りや憎しみをたぎらせて、本の力を引き出せ!,LEVEL:2　SRスターター,https://www27.atwiki.jp/zatchbell/pages/728.html,術　上級　MP10　＋6000　ダメージ3　重力|バトル攻撃　バトル防御
S-037,spell,ジキル,ハイド,,1,AD,none,風,,相手の魔本にダメージ。相手の魔本か魔物にダメージをあたえたとき、コインを投げてオモテなら、次のターンのエンドフェイズまで、自分の魔本と魔物はダメージを受けない(【ステイ】)。,+3000,1,かざした手のひらから烈風が放たれる!,LEVEL:2,https://www27.atwiki.jp/zatchbell/pages/729.html,術　MP1　＋3000　ダメージ1　風|バトル攻撃　バトル防御
S-038,spell,ジキルガ,ハイド,,3,AD,none,風,,相手の魔本にダメージ。相手の魔本か魔物にダメージをあたえたとき、次のターンのエンドフェイズまで、自分の魔本と魔物はダメージを受けない(【ステイ】)。,+3000,2,激しい風圧が相手に襲い掛かる、ジキルの強化呪文。,LEVEL:2,https://www27.atwiki.jp/zatchbell/pages/730.html,術　MP3　＋3000　ダメージ2　風|バトル攻撃　バトル防御
S-039,spell,ラドム,ゾフィス,,3,AD,none,,,相手の魔本にダメージ。相手の魔本か魔物にダメージをあたえたとき、相手のパートナー1枚を選び、捨て札にする。,+4000,2,激しい炎で相手を一瞬で焼き尽くす。,LEVEL:2　URパック,https://www27.atwiki.jp/zatchbell/pages/731.html,術　MP3　＋4000　ダメージ2|バトル攻撃　バトル防御
S-040,spell,バルジュロン,ポッケリオ,,2,AD,none,木,,相手の魔本にダメージ。この術の魔力は、コインを3回投げて、オモテの数×2000となる。,2000×,1,数多くの木の戦士たちを出現させる術。,LEVEL:2,https://www27.atwiki.jp/zatchbell/pages/732.html,術　MP2　2000×　ダメージ1　木|バトル攻撃　バトル防御
S-041,spell,ジュルク,ポッケリオ,,1,A,none,木,非バトル,【ステイ】コインを投げてオモテなら、次のターンのエンドフェイズまで、自分の魔本と魔物はダメージを受けない。,特殊,,木々が使い手とその魔物の姿を覆い隠す呪文。,LEVEL:2,https://www27.atwiki.jp/zatchbell/pages/733.html,術　MP1　特殊　木|自分のターン　非バトル
S-042,spell,ビライツ,ロブノス,,2,AD,none,,,相手の魔本にダメージ。自分の攻撃の合計魔力が8000以上のならば、この術のダメージを+2する。,+3000,1,超速の光線が、相手の体を切り裂く。,LEVEL:2|TBB1,https://www27.atwiki.jp/zatchbell/pages/734.html,術　MP2　＋3000　ダメージ1|バトル攻撃　バトル防御
S-043,spell,レリ・ブルク,ロブノス,,4,A,none,,非バトル,次の効果の1つを使う。●自分の「ロブノス（分身体）」2体を選び、捨て札にする。そうしたなら、自分の魔本の好きなページから「ロブノス（完全体）」1枚を選び、場に出す。●自分の「ロブノス（完全体）」1体を選び、捨て札にする。そうしたなら、自分の魔本の好きなページから「ロブノス（分身体）」を2枚選び、場に出す。,特殊,,2体の分身体が強力合体する術。,LEVEL:2,https://www27.atwiki.jp/zatchbell/pages/735.html,術　MP4　特殊|自分のターン　非バトル
S-044,spell,ガロン,マルス,,1,A,none,,,相手の魔本にダメージ。,+2000,2,重い鉄の鎖が、相手を押しつぶす。,LEVEL:2|TBB1,https://www27.atwiki.jp/zatchbell/pages/736.html,術　MP1　＋2000　ダメージ2|バトル攻撃
S-045,spell,ガンズ・ガロン,マルス,,2,A,none,,,コインを2回投げてオモテが2回出れば、相手はこの術を防御できない。相手の魔本にダメージ。,+3000,1,乱れ撃ちで放たれた鉄球が、敵を襲い粉砕する。,LEVEL:2,https://www27.atwiki.jp/zatchbell/pages/737.html,術　MP2　＋3000　ダメージ1|バトル攻撃
S-046,spell,エイジャス・ガロン,マルス,,4,A,none,,,コインを投げてオモテなら、相手はこの術を防御できない。相手の魔本にダメージ。,+4000,2,鉄球を自在に操り、攻撃する。地中からの攻撃も可能。,LEVEL:2,https://www27.atwiki.jp/zatchbell/pages/738.html,術　MP4　＋4000　ダメージ2|バトル攻撃
S-047,spell,ギガノ・ガランズ,マルス,,5,A,intermediate,,,相手の魔本にダメージ。,+5000,3,巨大な鉄の塊が相手を襲う、強力呪文。,LEVEL:2　R,https://www27.atwiki.jp/zatchbell/pages/739.html,術　中級　MP5　＋5000　ダメージ3|バトル攻撃
S-048,spell,ゼベルオン,バルトロ,,1,A,none,,非バトル,自分の魔本の好きなページから「バルトロ（アーマー体）」1枚を選び、自分の場の「バルトロ（本体）」の上に重ねる。,特殊,,「花をつけた物」を自在に操ることが出来る術。,LEVEL:2,https://www27.atwiki.jp/zatchbell/pages/726.html,術　MP1　特殊|自分のターン　非バトル
S-049,spell,ゼベルセン,バルトロ,,5,A,intermediate,,,相手の魔本にダメージ。,+5000,3,胸から巨大な塊を連射する術。,LEVEL:2,https://www27.atwiki.jp/zatchbell/pages/725.html,術　中級　MP5　＋5000　ダメージ3|バトル攻撃
S-050,spell,ミケル,ヨポポ,,1,AD,none,,,相手の魔本にダメージ。,+2000,1,ヨポポの歌が、攻撃に変わる。,LEVEL:2,https://www27.atwiki.jp/zatchbell/pages/724.html,術　MP1　＋2000　ダメージ1|バトル攻撃　バトル防御
S-051,spell,ドレミケル,ヨポポ,,5,AD,intermediate,,,相手の魔本にダメージ。,+4000,3,歌の力で激しい衝撃波を繰り出す。,LEVEL:2,https://www27.atwiki.jp/zatchbell/pages/723.html,術　中級　MP5　＋4000　ダメージ3|バトル攻撃　バトル防御
S-052,spell,アムルク,キクロプ,,2,AD,none,,,相手の魔本にダメージ。,+2000,1,頑丈な腕が巨大化し、相手を殴りつける。,LEVEL:2,https://www27.atwiki.jp/zatchbell/pages/722.html,術　MP2　＋2000　ダメージ1|バトル攻撃　バトル防御
S-053,spell,アムド・シザルグ,キクロプ,,2,A,none,,,相手の魔本にダメージ。,+1000,2,両手が鋭いハサミに変化し、敵を斬る。,LEVEL:2,https://www27.atwiki.jp/zatchbell/pages/721.html,術　MP2　＋1000　ダメージ2|バトル攻撃
S-054,spell,アムルセン,キクロプ,,4,A,none,,,相手の魔本にダメージ。,+4000,2,肘から岩のミサイルを連射する術。,LEVEL:2,https://www27.atwiki.jp/zatchbell/pages/720.html,術　MP4　＋4000　ダメージ2|バトル攻撃
S-055,spell,エムルロン,キクロプ,,5,A,intermediate,,,相手の魔本にダメージ。,+1000,4,炎をまとった伸びる拳が、相手めがけて襲いかかる。,LEVEL:2　R,https://www27.atwiki.jp/zatchbell/pages/719.html,術　中級　MP5　＋1000　ダメージ4|バトル攻撃
S-056,spell,目をそらすな！,コマンド,,0,D,none,,,魔力勝負に勝ったとき、相手の攻撃を無効にする。魔力勝負の勝敗にかかわらず、このバトル中に、自分の魔本がダメージを受けたとき、めくられたページの枚数×2、MPをふやす(【ステイ】)。,+0,,最後まで目を開けていた者が、この戦いで勝つ!!,LEVEL:2　Rパック・自販機|LEVEL:2　Nスターター,https://www27.atwiki.jp/zatchbell/pages/717.html,術　MP0　＋0|バトル防御
S-057,spell,チェックメイトだ！,コマンド,,0,A,none,,非バトル,コインを投げてオモテなら、次の効果を使える。【スタンバイ】このターン中の次のバトルで、自分が使う術の「ダメージをあたえる」効果は、「相手の魔物1体を選び、ダメージをあたえる」効果になる。,特殊,,ヌオオオォォォォォ!!,LEVEL:2　Rパック・自販機|LEVEL:2　Nスターター,https://www27.atwiki.jp/zatchbell/pages/718.html,術　MP0　特殊|自分のターン　非バトル
S-058,spell,ザケル,ゼオン,,3,A,intermediate,,,相手の魔物1体を選び、ダメージをあたえる。,+3000,,やる気があるのか、貴様ら?,LEVEL:2　シク,https://www27.atwiki.jp/zatchbell/pages/1188.html,術　中級　MP3　＋3000|バトル攻撃
